observed_at,station_id,latitude,longitude,pm25,pm2_5,pm10,no2,so2,co,o3
2026-03-01 00:00:00,ST_001,19.0760,72.8777,45.2,45.2,85.1,28.4,12.1,0.8,18.5
2026-03-01 01:00:00,ST_001,19.0760,72.8777,48.0,48.0,91.3,30.1,13.0,0.9,16.2
2026-03-01 02:00:00,ST_001,19.0760,72.8777,42.5,42.5,80.0,25.3,11.5,0.7,19.0
2026-03-01 03:00:00,ST_001,19.0760,72.8777,39.8,39.8,74.6,22.0,10.2,0.6,21.3
2026-03-01 04:00:00,ST_001,19.0760,72.8777,52.1,52.1,98.4,35.7,14.8,1.1,14.0
2026-03-01 00:00:00,ST_002,19.1136,72.8697,61.4,61.4,110.2,38.9,15.2,1.2,12.4
2026-03-01 01:00:00,ST_002,19.1136,72.8697,64.0,64.0,115.0,41.2,16.1,1.3,11.0
2026-03-01 02:00:00,ST_002,19.1136,72.8697,58.7,58.7,102.5,34.5,13.9,1.0,14.5
2026-03-01 03:00:00,ST_002,19.1136,72.8697,55.0,55.0,95.1,31.0,12.8,0.9,16.8
2026-03-01 04:00:00,ST_002,19.1136,72.8697,70.3,70.3,128.0,46.0,18.0,1.5,9.5
