observed_at,station_id,temperature,humidity,wind_speed,wind_direction,pressure
2026-03-01 00:00:00,ST_001,27.5,68.0,2.1,240.0,1012.3
2026-03-01 01:00:00,ST_001,26.8,71.0,1.8,235.0,1012.0
2026-03-01 02:00:00,ST_001,26.1,74.5,1.5,230.0,1011.8
2026-03-01 03:00:00,ST_001,25.5,78.0,1.2,220.0,1011.5
2026-03-01 04:00:00,ST_001,25.0,80.2,1.0,210.0,1011.2
2026-03-01 00:00:00,ST_002,28.0,65.0,2.4,245.0,1012.1
2026-03-01 01:00:00,ST_002,27.2,69.0,2.0,240.0,1011.9
2026-03-01 02:00:00,ST_002,26.5,72.0,1.6,232.0,1011.6
2026-03-01 03:00:00,ST_002,25.9,76.5,1.3,225.0,1011.4
2026-03-01 04:00:00,ST_002,25.3,79.0,1.1,215.0,1011.0
